metric,ours,target,delta,source_file
bamboogle,0.000000,58.400000,-58.400000,
2wiki,0.000000,60.000000,-60.000000,
hotpotqa,0.000000,51.300000,-51.300000,
musique,0.000000,19.200000,-19.200000,
avg,0.000000,47.200000,-47.200000,
gaia,0.000000,17.200000,-17.200000,
